filter_name,filter_type,true_selectivity,estimated_selectivity,absolute_error,relative_error_pct,estimation_time_us
main_cat='Automotive',single,0.00117,0.001134,3.6e-05,3.08,0.25
"main_cat='Arts, Crafts & Sewing'",single,0.001368,0.001546,0.000178,13.0,0.29
main_cat='Amazon Home',single,0.001438,0.001134,0.000304,21.14,0.29
main_cat='Portable Audio &amp; Accessories',single,0.001453,0.00134,0.000113,7.8,0.29
main_cat='Health & Personal Care',single,0.00166,0.001598,6.2e-05,3.72,0.33
brand='Allsop',single,0.002113,0.001855,0.000258,12.19,0.25
brand='Gam3Gear',single,0.002126,0.00201,0.000116,5.45,0.29
brand='C2G/Cables To Go',single,0.002162,0.001701,0.000461,21.33,0.29
brand='Domke',single,0.002247,0.002268,2.1e-05,0.92,0.33
brand='JBL',single,0.00226,0.002474,0.000214,9.47,0.29
brand='APC',single,0.002306,0.002371,6.5e-05,2.8,0.29
brand='Apple',single,0.002309,0.002371,6.2e-05,2.68,0.29
brand='Mighty Bright',single,0.002412,0.002113,0.000299,12.39,0.29
brand='Polaroid',single,0.002466,0.002268,0.000198,8.04,0.29
brand='Epartsdom',single,0.002474,0.002474,0.0,0.0,0.29
brand='Gardner Bender',single,0.002538,0.002113,0.000425,16.75,0.29
brand='OP/TECH USA',single,0.002559,0.002835,0.000276,10.78,0.29
brand='Acoustic Research',single,0.002621,0.00201,0.000611,23.3,0.29
brand='Philips',single,0.002811,0.002886,7.5e-05,2.66,0.29
brand='Tivoli Audio',single,0.002814,0.002835,2.1e-05,0.74,0.29
brand='Wiremold',single,0.002866,0.003041,0.000175,6.12,0.29
brand='National Hardware',single,0.002961,0.002783,0.000178,6.0,0.29
brand='Uniden',single,0.002966,0.002783,0.000183,6.16,0.29
brand='AVerMedia',single,0.003012,0.003608,0.000595,19.77,0.29
brand='Rio',single,0.003036,0.003556,0.000521,17.15,0.29
brand='JLAB',single,0.003064,0.003041,2.3e-05,0.75,0.29
brand='Adesso',single,0.003213,0.003196,1.8e-05,0.56,0.29
brand='Targus',single,0.003347,0.003196,0.000152,4.54,0.29
brand='Green Leaf',single,0.003407,0.003711,0.000304,8.93,0.29
brand='Motorola',single,0.003595,0.003814,0.000219,6.1,0.29
brand='VideoSecu',single,0.003688,0.003505,0.000183,4.96,0.29
brand='Rolodex',single,0.003878,0.00335,0.000528,13.62,0.29
main_cat='Sports &amp; Outdoors',single,0.004038,0.00402,1.8e-05,0.44,0.29
brand='Kingston',single,0.004172,0.004793,0.000621,14.89,0.29
brand='Visit Amazon's Ava Miles Page',single,0.004448,0.005618,0.00117,26.31,0.29
brand='Coby',single,0.004499,0.005618,0.001119,24.86,0.29
brand='Kodak',single,0.004809,0.004587,0.000221,4.6,0.29
brand='Brother',single,0.004948,0.005309,0.000361,7.3,0.29
brand='Pioneer',single,0.004997,0.005618,0.000621,12.43,0.29
brand='Klipsch',single,0.005306,0.005206,0.0001,1.89,0.33
brand='SANOXY',single,0.005324,0.004896,0.000428,8.03,0.29
brand='Fellowes',single,0.005476,0.00634,0.000864,15.77,0.29
brand='Midland',single,0.005551,0.004948,0.000603,10.86,0.25
brand='Terk',single,0.005564,0.005721,0.000157,2.83,0.29
brand='Sangean',single,0.005589,0.006546,0.000956,17.11,0.25
brand='DTOL',single,0.005698,0.005773,7.5e-05,1.32,0.29
brand='Plantronics',single,0.005716,0.005927,0.000212,3.7,0.25
brand='Microsoft',single,0.005754,0.006391,0.000637,11.07,0.29
main_cat='Tools & Home Improvement' AND overall>=5.0,compound,0.005842,0.005721,0.000121,2.07,1.29
main_cat='Tools &amp; Home Improvement' AND overall>=4.0,compound,0.005942,0.006391,0.000449,7.55,7.96
brand='Barnes &amp; Noble',single,0.005945,0.005515,0.00043,7.23,0.25
brand='SanDisk',single,0.006146,0.005515,0.000631,10.27,0.29
main_cat='Cell Phones & Accessories' AND overall>=4.0,compound,0.006167,0.005876,0.000291,4.72,7.58
main_cat='Car Electronics' AND overall>=5.0,compound,0.006406,0.0067,0.000294,4.59,1.33
main_cat='Tools &amp; Home Improvement' AND overall>=3.0,compound,0.006597,0.006958,0.000361,5.47,9.67
brand='Creative',single,0.006674,0.006803,0.000129,1.94,0.29
brand='Garmin',single,0.006757,0.007473,0.000717,10.61,0.33
brand='Cobra',single,0.006777,0.006649,0.000129,1.9,0.29
main_cat='Tools & Home Improvement' AND overall>=4.0,compound,0.006816,0.006958,0.000142,2.08,7.29
main_cat='Cell Phones & Accessories' AND overall>=3.0,compound,0.006976,0.007113,0.000137,1.96,9.21
brand='RCA',single,0.006981,0.00768,0.000699,10.01,0.29
brand='Olympus',single,0.007053,0.006752,0.000301,4.27,0.25
main_cat='Cell Phones &amp; Accessories' AND overall>=4.0,compound,0.007079,0.00804,0.000962,13.58,7.75
brand='Audio-Technica',single,0.007087,0.006597,0.000489,6.9,0.29
main_cat='Tools & Home Improvement' AND overall>=3.0,compound,0.007218,0.007422,0.000204,2.83,9.46
brand='Cyber Acoustics',single,0.007509,0.007783,0.000274,3.64,0.29
brand='Verbatim',single,0.007548,0.007886,0.000338,4.48,0.29
main_cat='Sports & Outdoors' AND overall>=5.0,compound,0.007548,0.008247,0.000699,9.26,1.33
main_cat='Tools &amp; Home Improvement',single,0.007648,0.007731,8.3e-05,1.08,0.29
brand='Bose',single,0.0078,0.007525,0.000275,3.53,0.29
main_cat='Tools & Home Improvement',single,0.007901,0.008247,0.000346,4.38,0.33
brand='Monster',single,0.007919,0.007216,0.000703,8.88,0.29
main_cat='Cell Phones &amp; Accessories' AND overall>=3.0,compound,0.008128,0.009226,0.001098,13.51,9.79
brand='Fujifilm',single,0.008205,0.008195,1e-05,0.12,0.29
main_cat='Car Electronics' AND overall>=4.0,compound,0.008318,0.008814,0.000495,5.95,7.75
main_cat='Office Products' AND overall>=5.0,compound,0.008927,0.008556,0.000371,4.15,1.38
main_cat='Cell Phones & Accessories',single,0.008942,0.008504,0.000438,4.89,0.29
main_cat='Books' AND overall>=5.0,compound,0.008942,0.010875,0.001933,21.62,1.33
main_cat='Car Electronics' AND overall>=3.0,compound,0.009081,0.009484,0.000402,4.43,9.5
brand='Polk Audio',single,0.009133,0.009638,0.000506,5.54,0.29
brand='Memorex',single,0.009377,0.009226,0.000152,1.62,0.29
brand='D-Link',single,0.00997,0.009638,0.000332,3.33,0.29
main_cat='Sports & Outdoors' AND overall>=4.0,compound,0.010233,0.011236,0.001003,9.8,7.42
brand='Kensington',single,0.010267,0.010051,0.000216,2.1,0.29
main_cat='Car Electronics',single,0.010602,0.010875,0.000274,2.58,0.29
brand='TRENDnet',single,0.010632,0.010669,3.7e-05,0.34,0.29
main_cat='Cell Phones &amp; Accessories',single,0.010949,0.0117,0.00075,6.85,0.37
main_cat='Office Products' AND overall>=4.0,compound,0.010949,0.010205,0.000744,6.8,7.33
main_cat='Sports & Outdoors' AND overall>=3.0,compound,0.011418,0.012318,0.0009,7.88,9.58
main_cat='Office Products' AND overall>=3.0,compound,0.011846,0.011236,0.00061,5.15,9.46
main_cat='Books' AND overall>=4.0,compound,0.012166,0.014071,0.001905,15.66,7.88
brand='3M',single,0.012266,0.012473,0.000207,1.69,0.29
brand='Celestron',single,0.012524,0.013401,0.000877,7.0,0.29
main_cat='Office Products',single,0.013135,0.012834,0.000301,2.29,0.33
main_cat='Sports & Outdoors',single,0.0133,0.014741,0.001441,10.84,0.29
main_cat='Books' AND overall>=3.0,compound,0.013328,0.015411,0.002083,15.63,9.83
brand='Logitech',single,0.014006,0.014277,0.000271,1.94,0.29
brand='NETGEAR',single,0.014348,0.014328,2e-05,0.14,0.29
brand='Case Logic',single,0.014493,0.011597,0.002896,19.98,0.33
main_cat='Books',single,0.014555,0.016751,0.002196,15.09,0.33
brand='Bushnell',single,0.016297,0.017782,0.001485,9.11,0.29
brand='Linksys',single,0.018866,0.019276,0.000411,2.18,0.29
brand='Sennheiser',single,0.020136,0.020771,0.000635,3.15,0.29
brand='C2G',single,0.02076,0.019895,0.000865,4.17,0.29
brand='Maxell',single,0.021036,0.020153,0.000883,4.2,0.33
main_cat='Computers' AND overall>=5.0,compound,0.022123,0.021853,0.00027,1.22,1.5
brand='StarTech',single,0.022218,0.021802,0.000416,1.87,0.29
main_cat='Musical Instruments' AND overall>=5.0,compound,0.022515,0.02309,0.000576,2.56,1.5
brand='Hosa',single,0.027274,0.027368,9.4e-05,0.34,0.29
main_cat='Musical Instruments' AND overall>=4.0,compound,0.028509,0.029636,0.001127,3.95,7.46
main_cat='Computers' AND overall>=4.0,compound,0.028511,0.027729,0.000782,2.74,7.62
brand='Koss',single,0.02857,0.028657,8.6e-05,0.3,0.29
main_cat='Musical Instruments' AND overall>=3.0,compound,0.030869,0.032162,0.001293,4.19,9.67
brand='Nikon',single,0.031356,0.029224,0.002132,6.8,0.29
main_cat='Computers' AND overall>=3.0,compound,0.031488,0.030667,0.000821,2.61,9.63
brand='Tripp Lite',single,0.033768,0.033966,0.000197,0.58,0.33
main_cat='Musical Instruments',single,0.034242,0.036336,0.002094,6.12,0.25
brand='Panasonic',single,0.038744,0.037831,0.000913,2.36,0.29
main_cat='Computers',single,0.039162,0.038965,0.000197,0.5,0.29
brand='Belkin',single,0.047606,0.048088,0.000482,1.01,0.29
"main_cat IN ('Computers', 'Cell Phones &amp; Accessories')",in_set,0.050111,0.050665,0.000554,1.11,1.21
brand='Tiffen',single,0.050291,0.050974,0.000683,1.36,0.29
verified=false AND overall<=2.0,compound,0.051889,0.052778,0.000889,1.71,4.62
"main_cat IN ('Computers', 'Office Products')",in_set,0.052296,0.051799,0.000498,0.95,1.25
"main_cat IN ('Computers', 'Sports & Outdoors')",in_set,0.052461,0.053706,0.001245,2.37,1.17
"main_cat IN ('Computers', 'Books')",in_set,0.053716,0.055716,0.002,3.72,0.92
main_cat='Camera &amp; Photo' AND overall>=5.0,compound,0.053987,0.05319,0.000796,1.48,1.92
brand='Canon',single,0.058808,0.054634,0.004175,7.1,0.29
brand='Sony',single,0.064364,0.064375,1.1e-05,0.02,0.29
main_cat='Home Audio &amp; Theater' AND overall>=5.0,compound,0.066807,0.065354,0.001453,2.17,2.17
main_cat='Camera &amp; Photo' AND overall>=4.0,compound,0.068464,0.068601,0.000137,0.2,7.96
verified=false AND overall<=3.0,compound,0.071283,0.071694,0.00041,0.58,12.21
"main_cat IN ('Computers', 'Musical Instruments')",in_set,0.073404,0.075302,0.001898,2.59,1.38
main_cat='Camera &amp; Photo' AND overall>=3.0,compound,0.073636,0.074219,0.000583,0.79,10.04
main_cat='Camera &amp; Photo',single,0.081807,0.081744,6.3e-05,0.08,0.29
main_cat='Camera & Photo' AND overall>=5.0,compound,0.083462,0.079219,0.004243,5.08,2.29
main_cat='Home Audio &amp; Theater' AND overall>=4.0,compound,0.085995,0.084424,0.001571,1.83,8.21
"main_cat IN ('Camera &amp; Photo', 'Car Electronics')",in_set,0.092409,0.092619,0.00021,0.23,1.42
"main_cat IN ('Camera &amp; Photo', 'Cell Phones &amp; Accessories')",in_set,0.092757,0.093444,0.000687,0.74,1.46
main_cat='Home Audio &amp; Theater' AND overall>=3.0,compound,0.093965,0.091485,0.00248,2.64,10.33
"main_cat IN ('Camera &amp; Photo', 'Office Products')",in_set,0.094942,0.094578,0.000364,0.38,1.5
"main_cat IN ('Camera &amp; Photo', 'Sports & Outdoors')",in_set,0.095107,0.096485,0.001378,1.45,1.33
"main_cat IN ('Camera &amp; Photo', 'Books')",in_set,0.096362,0.098495,0.002133,2.21,0.79
verified=true AND overall<=2.0,compound,0.097019,0.099577,0.002558,2.64,4.62
"main_cat IN ('Camera &amp; Photo', 'Cell Phones &amp; Accessories', 'Car Electronics')",in_set,0.103358,0.104319,0.000961,0.93,2.75
"main_cat IN ('Camera &amp; Photo', 'Office Products', 'Car Electronics')",in_set,0.105544,0.105453,9e-05,0.09,2.83
"main_cat IN ('Camera &amp; Photo', 'Sports & Outdoors', 'Car Electronics')",in_set,0.105708,0.10736,0.001652,1.56,2.67
"main_cat IN ('Camera &amp; Photo', 'Office Products', 'Cell Phones &amp; Accessories')",in_set,0.105891,0.106278,0.000386,0.36,3.0
"main_cat IN ('Camera &amp; Photo', 'Sports & Outdoors', 'Cell Phones &amp; Accessories')",in_set,0.106056,0.108185,0.002128,2.01,2.67
"main_cat IN ('Camera &amp; Photo', 'Books', 'Car Electronics')",in_set,0.106963,0.10937,0.002407,2.25,2.29
"main_cat IN ('Camera &amp; Photo', 'Books', 'Cell Phones &amp; Accessories')",in_set,0.107311,0.110195,0.002884,2.69,2.25
main_cat='Camera & Photo' AND overall>=4.0,compound,0.107724,0.101742,0.005981,5.55,8.37
"main_cat IN ('Camera &amp; Photo', 'Sports & Outdoors', 'Office Products')",in_set,0.108242,0.109319,0.001077,1.0,2.83
"main_cat IN ('Camera &amp; Photo', 'Books', 'Office Products')",in_set,0.109497,0.111329,0.001832,1.67,2.33
"main_cat IN ('Camera &amp; Photo', 'Books', 'Sports & Outdoors')",in_set,0.109661,0.113236,0.003574,3.26,2.13
main_cat='Home Audio &amp; Theater',single,0.109932,0.108855,0.001077,0.98,0.33
"main_cat IN ('Camera &amp; Photo', 'Musical Instruments')",in_set,0.11605,0.118081,0.002031,1.75,1.54
main_cat='Camera & Photo' AND overall>=3.0,compound,0.116578,0.110556,0.006022,5.17,10.37
verified=false AND overall<=4.0,compound,0.119544,0.118081,0.001463,1.22,15.71
"main_cat IN ('Home Audio &amp; Theater', 'Car Electronics')",in_set,0.120534,0.11973,0.000804,0.67,1.71
"main_cat IN ('Home Audio &amp; Theater', 'Cell Phones &amp; Accessories')",in_set,0.120881,0.120555,0.000327,0.27,1.79
"main_cat IN ('Camera &amp; Photo', 'Computers')",in_set,0.120969,0.120709,0.00026,0.21,1.87
verified=false AND overall>=5.0,compound,0.122095,0.125606,0.00351,2.88,2.79
"overall IN (2,3)",in_set,0.122933,0.122359,0.000574,0.47,2.38
"main_cat IN ('Home Audio &amp; Theater', 'Office Products')",in_set,0.123067,0.121688,0.001378,1.12,1.79
"main_cat IN ('Home Audio &amp; Theater', 'Sports & Outdoors')",in_set,0.123232,0.123596,0.000364,0.3,1.71
"main_cat IN ('Home Audio &amp; Theater', 'Books')",in_set,0.124487,0.125606,0.001119,0.9,0.92
"main_cat IN ('Camera &amp; Photo', 'Musical Instruments', 'Car Electronics')",in_set,0.126651,0.128956,0.002305,1.82,3.21
"main_cat IN ('Camera &amp; Photo', 'Musical Instruments', 'Cell Phones &amp; Accessories')",in_set,0.126999,0.12978,0.002781,2.19,3.21
"main_cat IN ('Camera &amp; Photo', 'Musical Instruments', 'Office Products')",in_set,0.129184,0.130914,0.00173,1.34,3.33
"main_cat IN ('Camera &amp; Photo', 'Musical Instruments', 'Sports & Outdoors')",in_set,0.129349,0.132821,0.003472,2.68,2.92
"main_cat IN ('Camera &amp; Photo', 'Musical Instruments', 'Books')",in_set,0.130604,0.134831,0.004227,3.24,1.92
main_cat='Camera & Photo',single,0.130617,0.124008,0.006609,5.06,0.29
"main_cat IN ('Home Audio &amp; Theater', 'Cell Phones &amp; Accessories', 'Car Electronics')",in_set,0.131483,0.13143,5.3e-05,0.04,3.5
"main_cat IN ('Camera &amp; Photo', 'Computers', 'Car Electronics')",in_set,0.131571,0.131584,1.4e-05,0.01,3.5
"main_cat IN ('Camera &amp; Photo', 'Computers', 'Cell Phones &amp; Accessories')",in_set,0.131918,0.132409,0.000491,0.37,3.38
"main_cat IN ('Home Audio &amp; Theater', 'Office Products', 'Car Electronics')",in_set,0.133668,0.132564,0.001105,0.83,3.33
"main_cat IN ('Home Audio &amp; Theater', 'Sports & Outdoors', 'Car Electronics')",in_set,0.133833,0.134471,0.000638,0.48,3.33
"main_cat IN ('Home Audio &amp; Theater', 'Office Products', 'Cell Phones &amp; Accessories')",in_set,0.134016,0.133388,0.000628,0.47,3.54
"main_cat IN ('Camera &amp; Photo', 'Computers', 'Office Products')",in_set,0.134104,0.133543,0.000561,0.42,3.54
"main_cat IN ('Home Audio &amp; Theater', 'Sports & Outdoors', 'Cell Phones &amp; Accessories')",in_set,0.134181,0.135295,0.001114,0.83,3.38
"main_cat IN ('Camera &amp; Photo', 'Computers', 'Sports & Outdoors')",in_set,0.134269,0.13545,0.001181,0.88,3.12
"main_cat IN ('Home Audio &amp; Theater', 'Books', 'Car Electronics')",in_set,0.135088,0.136481,0.001393,1.03,2.58
"main_cat IN ('Home Audio &amp; Theater', 'Books', 'Cell Phones &amp; Accessories')",in_set,0.135436,0.137305,0.001869,1.38,2.67
"main_cat IN ('Camera &amp; Photo', 'Computers', 'Books')",in_set,0.135524,0.13746,0.001936,1.43,2.21
"main_cat IN ('Home Audio &amp; Theater', 'Sports & Outdoors', 'Office Products')",in_set,0.136366,0.136429,6.3e-05,0.05,3.37
main_cat='Home Audio & Theater' AND overall>=5.0,compound,0.136557,0.136893,0.000336,0.25,3.04
"main_cat IN ('Home Audio &amp; Theater', 'Books', 'Office Products')",in_set,0.137621,0.138439,0.000818,0.59,2.67
"main_cat IN ('Home Audio &amp; Theater', 'Books', 'Sports & Outdoors')",in_set,0.137786,0.140346,0.00256,1.86,2.58
"main_cat IN ('Camera & Photo', 'Car Electronics')",in_set,0.141219,0.134883,0.006336,4.49,2.13
"main_cat IN ('Camera & Photo', 'Cell Phones &amp; Accessories')",in_set,0.141566,0.135708,0.005859,4.14,2.08
"main_cat IN ('Camera & Photo', 'Office Products')",in_set,0.143752,0.136842,0.00691,4.81,2.21
"main_cat IN ('Camera & Photo', 'Sports & Outdoors')",in_set,0.143917,0.138749,0.005168,3.59,1.75
"main_cat IN ('Home Audio &amp; Theater', 'Musical Instruments')",in_set,0.144174,0.145191,0.001017,0.71,2.04
"main_cat IN ('Camera & Photo', 'Books')",in_set,0.145172,0.140759,0.004413,3.04,0.83
overall<=2.0,range,0.148908,0.152355,0.003447,2.32,2.96
"overall IN (1,2)",in_set,0.148908,0.152355,0.003447,2.32,2.5
"main_cat IN ('Home Audio &amp; Theater', 'Computers')",in_set,0.149094,0.14782,0.001274,0.85,2.17
verified=true AND overall<=3.0,compound,0.150019,0.151634,0.001615,1.08,12.92
"main_cat IN ('Camera & Photo', 'Cell Phones &amp; Accessories', 'Car Electronics')",in_set,0.152168,0.146583,0.005585,3.67,3.46
"main_cat IN ('Camera & Photo', 'Office Products', 'Car Electronics')",in_set,0.154353,0.147717,0.006636,4.3,3.58
"main_cat IN ('Camera & Photo', 'Sports & Outdoors', 'Car Electronics')",in_set,0.154518,0.149624,0.004894,3.17,3.5
"main_cat IN ('Camera & Photo', 'Office Products', 'Cell Phones &amp; Accessories')",in_set,0.154701,0.148541,0.00616,3.98,3.58
"main_cat IN ('Home Audio &amp; Theater', 'Musical Instruments', 'Car Electronics')",in_set,0.154776,0.156066,0.001291,0.83,3.92
"main_cat IN ('Camera & Photo', 'Sports & Outdoors', 'Cell Phones &amp; Accessories')",in_set,0.154866,0.150448,0.004418,2.85,3.5
"main_cat IN ('Home Audio &amp; Theater', 'Musical Instruments', 'Cell Phones &amp; Accessories')",in_set,0.155124,0.156891,0.001767,1.14,3.96
"main_cat IN ('Camera &amp; Photo', 'Computers', 'Musical Instruments')",in_set,0.155211,0.157046,0.001834,1.18,3.38
"main_cat IN ('Camera & Photo', 'Books', 'Car Electronics')",in_set,0.155773,0.151634,0.004139,2.66,2.67
"main_cat IN ('Camera & Photo', 'Books', 'Cell Phones &amp; Accessories')",in_set,0.156121,0.152459,0.003662,2.35,2.67
"main_cat IN ('Camera & Photo', 'Sports & Outdoors', 'Office Products')",in_set,0.157051,0.151582,0.005469,3.48,3.67
main_cat='All Electronics' AND overall>=5.0,compound,0.157278,0.158437,0.001159,0.74,3.46
"main_cat IN ('Home Audio &amp; Theater', 'Musical Instruments', 'Office Products')",in_set,0.157309,0.158025,0.000716,0.46,4.0
"main_cat IN ('Home Audio &amp; Theater', 'Musical Instruments', 'Sports & Outdoors')",in_set,0.157474,0.159932,0.002458,1.56,3.92
"main_cat IN ('Camera & Photo', 'Books', 'Office Products')",in_set,0.158306,0.153592,0.004714,2.98,2.83
"main_cat IN ('Camera & Photo', 'Books', 'Sports & Outdoors')",in_set,0.158471,0.155499,0.002972,1.88,2.62
"main_cat IN ('Home Audio &amp; Theater', 'Musical Instruments', 'Books')",in_set,0.158729,0.161942,0.003213,2.02,2.5
"main_cat IN ('Home Audio &amp; Theater', 'Computers', 'Car Electronics')",in_set,0.159695,0.158695,0.001,0.63,4.08
"main_cat IN ('Home Audio &amp; Theater', 'Computers', 'Cell Phones &amp; Accessories')",in_set,0.160043,0.15952,0.000523,0.33,4.21
"main_cat IN ('Home Audio &amp; Theater', 'Computers', 'Office Products')",in_set,0.162228,0.160654,0.001575,0.97,4.17
"main_cat IN ('Home Audio &amp; Theater', 'Computers', 'Sports & Outdoors')",in_set,0.162393,0.162561,0.000167,0.1,4.0
"main_cat IN ('Home Audio &amp; Theater', 'Computers', 'Books')",in_set,0.163648,0.164571,0.000922,0.56,2.67
"main_cat IN ('Camera & Photo', 'Musical Instruments')",in_set,0.164859,0.160344,0.004515,2.74,2.08
"main_cat IN ('Camera & Photo', 'Computers')",in_set,0.169779,0.162973,0.006806,4.01,2.13
verified=false AND overall>=4.0,compound,0.170356,0.171993,0.001637,0.96,9.5
"overall IN (1,3)",in_set,0.170763,0.171941,0.001178,0.69,3.0
"main_cat IN ('Camera & Photo', 'Musical Instruments', 'Car Electronics')",in_set,0.175461,0.171219,0.004241,2.42,4.08
"main_cat IN ('Camera & Photo', 'Musical Instruments', 'Cell Phones &amp; Accessories')",in_set,0.175809,0.172044,0.003765,2.14,3.96
"main_cat IN ('Camera & Photo', 'Musical Instruments', 'Office Products')",in_set,0.177994,0.173178,0.004816,2.71,4.17
"main_cat IN ('Camera & Photo', 'Musical Instruments', 'Sports & Outdoors')",in_set,0.178159,0.175085,0.003074,1.73,4.0
main_cat='Home Audio & Theater' AND overall>=4.0,compound,0.178716,0.179827,0.001111,0.62,10.04
"main_cat IN ('Camera & Photo', 'Musical Instruments', 'Books')",in_set,0.179414,0.177095,0.002319,1.29,2.42
"main_cat IN ('Camera & Photo', 'Computers', 'Car Electronics')",in_set,0.18038,0.173848,0.006532,3.62,4.29
"main_cat IN ('Camera & Photo', 'Computers', 'Cell Phones &amp; Accessories')",in_set,0.180728,0.174673,0.006055,3.35,4.29
"main_cat IN ('Camera & Photo', 'Computers', 'Office Products')",in_set,0.182913,0.175807,0.007107,3.89,4.42
"main_cat IN ('Camera & Photo', 'Computers', 'Sports & Outdoors')",in_set,0.183078,0.177714,0.005365,2.93,4.21
"main_cat IN ('Home Audio &amp; Theater', 'Computers', 'Musical Instruments')",in_set,0.183336,0.184156,0.00082,0.45,4.42
"main_cat IN ('Camera & Photo', 'Computers', 'Books')",in_set,0.184333,0.179724,0.00461,2.5,2.58
verified=false AND overall>=3.0,compound,0.18975,0.190908,0.001158,0.61,11.79
"main_cat IN ('Home Audio &amp; Theater', 'Camera &amp; Photo')",in_set,0.191739,0.190599,0.00114,0.59,2.62
main_cat='Home Audio & Theater' AND overall>=3.0,compound,0.196324,0.19632,4e-06,0.0,11.92
main_cat='All Electronics' AND overall>=4.0,compound,0.202083,0.202917,0.000834,0.41,10.04
"main_cat IN ('Home Audio &amp; Theater', 'Camera &amp; Photo', 'Car Electronics')",in_set,0.202341,0.201474,0.000867,0.43,4.92
"main_cat IN ('Home Audio &amp; Theater', 'Camera &amp; Photo', 'Cell Phones &amp; Accessories')",in_set,0.202689,0.202299,0.00039,0.19,5.0
"main_cat IN ('Camera & Photo', 'Computers', 'Musical Instruments')",in_set,0.204021,0.199309,0.004712,2.31,4.42
"main_cat IN ('Home Audio &amp; Theater', 'Camera &amp; Photo', 'Office Products')",in_set,0.204874,0.203433,0.001441,0.7,5.08
"main_cat IN ('Home Audio &amp; Theater', 'Camera &amp; Photo', 'Sports & Outdoors')",in_set,0.205039,0.20534,0.000301,0.15,4.67
"main_cat IN ('Home Audio &amp; Theater', 'Camera &amp; Photo', 'Books')",in_set,0.206294,0.20735,0.001056,0.51,2.96
verified=false AND overall>=2.0,compound,0.206296,0.208432,0.002136,1.04,13.37
"main_cat IN ('Camera & Photo', 'Camera &amp; Photo')",in_set,0.212424,0.205752,0.006672,3.14,3.17
overall<=3.0,range,0.221302,0.223327,0.002026,0.92,10.79
"overall IN (1,2,3)",in_set,0.221302,0.223327,0.002026,0.92,10.0
main_cat='All Electronics' AND overall>=3.0,compound,0.221585,0.22142,0.000165,0.07,9.71
"main_cat IN ('Camera & Photo', 'Camera &amp; Photo', 'Car Electronics')",in_set,0.223026,0.216627,0.006399,2.87,11.04
"main_cat IN ('Camera & Photo', 'Camera &amp; Photo', 'Cell Phones &amp; Accessories')",in_set,0.223374,0.217452,0.005922,2.65,10.96
"main_cat IN ('Camera & Photo', 'Camera &amp; Photo', 'Office Products')",in_set,0.225559,0.218586,0.006973,3.09,10.96
"main_cat IN ('Camera & Photo', 'Camera &amp; Photo', 'Sports & Outdoors')",in_set,0.225724,0.220493,0.005231,2.32,11.04
"main_cat IN ('Home Audio &amp; Theater', 'Camera &amp; Photo', 'Musical Instruments')",in_set,0.225982,0.226935,0.000954,0.42,10.79
"overall IN (2,4)",in_set,0.226317,0.227245,0.000928,0.41,8.17
"main_cat IN ('Camera & Photo', 'Camera &amp; Photo', 'Books')",in_set,0.226979,0.222503,0.004476,1.97,11.0
"main_cat IN ('Home Audio &amp; Theater', 'Camera &amp; Photo', 'Computers')",in_set,0.230901,0.229564,0.001337,0.58,11.71
main_cat='Home Audio & Theater',single,0.231638,0.231059,0.000579,0.25,0.29
"main_cat IN ('Camera & Photo', 'Home Audio &amp; Theater')",in_set,0.240549,0.232863,0.007687,3.2,8.75
verified=false AND overall<=5.0,compound,0.241639,0.243686,0.002047,0.85,14.38
verified=false,single,0.241639,0.243686,0.002047,0.85,0.29
"main_cat IN ('Home Audio & Theater', 'Car Electronics')",in_set,0.24224,0.241934,0.000306,0.13,1.04
"main_cat IN ('Home Audio & Theater', 'Cell Phones &amp; Accessories')",in_set,0.242587,0.242758,0.000171,0.07,1.04
"main_cat IN ('Home Audio & Theater', 'Office Products')",in_set,0.244773,0.243892,0.00088,0.36,1.04
"main_cat IN ('Home Audio & Theater', 'Sports & Outdoors')",in_set,0.244938,0.245799,0.000862,0.35,1.13
"main_cat IN ('Home Audio & Theater', 'Books')",in_set,0.246193,0.24781,0.001617,0.66,1.21
"main_cat IN ('Camera & Photo', 'Camera &amp; Photo', 'Musical Instruments')",in_set,0.246667,0.242088,0.004578,1.86,11.75
"overall IN (3,4)",in_set,0.248172,0.24683,0.001341,0.54,8.75
"main_cat IN ('Camera & Photo', 'Home Audio &amp; Theater', 'Car Electronics')",in_set,0.251151,0.243738,0.007413,2.95,9.29
"main_cat IN ('Camera & Photo', 'Home Audio &amp; Theater', 'Cell Phones &amp; Accessories')",in_set,0.251498,0.244562,0.006936,2.76,9.29
"main_cat IN ('Camera & Photo', 'Camera &amp; Photo', 'Computers')",in_set,0.251586,0.244717,0.006869,2.73,11.92
"main_cat IN ('Home Audio & Theater', 'Cell Phones &amp; Accessories', 'Car Electronics')",in_set,0.253189,0.253634,0.000445,0.18,1.5
"main_cat IN ('Camera & Photo', 'Home Audio &amp; Theater', 'Office Products')",in_set,0.253684,0.245696,0.007987,3.15,9.37
"main_cat IN ('Camera & Photo', 'Home Audio &amp; Theater', 'Sports & Outdoors')",in_set,0.253849,0.247603,0.006245,2.46,9.42
"main_cat IN ('Camera & Photo', 'Home Audio &amp; Theater', 'Books')",in_set,0.255104,0.249613,0.00549,2.15,9.5
"main_cat IN ('Home Audio & Theater', 'Office Products', 'Car Electronics')",in_set,0.255374,0.254768,0.000607,0.24,1.54
"main_cat IN ('Home Audio & Theater', 'Sports & Outdoors', 'Car Electronics')",in_set,0.255539,0.256675,0.001135,0.44,1.58
"main_cat IN ('Home Audio & Theater', 'Office Products', 'Cell Phones &amp; Accessories')",in_set,0.255722,0.255592,0.00013,0.05,1.54
"main_cat IN ('Home Audio & Theater', 'Sports & Outdoors', 'Cell Phones &amp; Accessories')",in_set,0.255887,0.257499,0.001612,0.63,1.62
"main_cat IN ('Home Audio & Theater', 'Books', 'Car Electronics')",in_set,0.256794,0.258685,0.001891,0.74,1.67
"main_cat IN ('Home Audio & Theater', 'Books', 'Cell Phones &amp; Accessories')",in_set,0.257142,0.259509,0.002367,0.92,1.71
"main_cat IN ('Home Audio & Theater', 'Sports & Outdoors', 'Office Products')",in_set,0.258072,0.258633,0.000561,0.22,1.62
"main_cat IN ('Home Audio & Theater', 'Books', 'Office Products')",in_set,0.259327,0.260643,0.001316,0.51,1.75
"main_cat IN ('Home Audio & Theater', 'Books', 'Sports & Outdoors')",in_set,0.259492,0.26255,0.003058,1.18,1.79
"main_cat IN ('Home Audio & Theater', 'Musical Instruments')",in_set,0.26588,0.267395,0.001515,0.57,1.83
"main_cat IN ('Home Audio & Theater', 'Computers')",in_set,0.2708,0.270024,0.000776,0.29,1.92
main_cat='All Electronics',single,0.271385,0.273529,0.002144,0.79,0.29
"overall IN (1,4)",in_set,0.274147,0.276827,0.00268,0.98,10.04
"main_cat IN ('Camera & Photo', 'Home Audio &amp; Theater', 'Musical Instruments')",in_set,0.274791,0.269199,0.005592,2.04,10.13
"main_cat IN ('Home Audio & Theater', 'Musical Instruments', 'Car Electronics')",in_set,0.276482,0.27827,0.001788,0.65,2.29
"main_cat IN ('Home Audio & Theater', 'Musical Instruments', 'Cell Phones &amp; Accessories')",in_set,0.27683,0.279095,0.002265,0.82,2.37
verified=true AND overall<=4.0,compound,0.277536,0.281105,0.003569,1.29,14.33
"main_cat IN ('Home Audio & Theater', 'Musical Instruments', 'Office Products')",in_set,0.279015,0.280229,0.001214,0.44,2.42
"main_cat IN ('Home Audio & Theater', 'Musical Instruments', 'Sports & Outdoors')",in_set,0.27918,0.282136,0.002956,1.06,2.5
"main_cat IN ('Camera & Photo', 'Home Audio &amp; Theater', 'Computers')",in_set,0.279711,0.271828,0.007883,2.82,10.17
"main_cat IN ('Home Audio & Theater', 'Musical Instruments', 'Books')",in_set,0.280435,0.284146,0.003711,1.32,2.58
"main_cat IN ('Home Audio & Theater', 'Computers', 'Car Electronics')",in_set,0.281401,0.280899,0.000502,0.18,2.38
"main_cat IN ('Home Audio & Theater', 'Computers', 'Cell Phones &amp; Accessories')",in_set,0.281749,0.281724,2.6e-05,0.01,2.54
"main_cat IN ('All Electronics', 'Car Electronics')",in_set,0.281986,0.284404,0.002417,0.86,1.08
"main_cat IN ('All Electronics', 'Cell Phones &amp; Accessories')",in_set,0.282334,0.285228,0.002894,1.03,1.04
"main_cat IN ('Home Audio & Theater', 'Computers', 'Office Products')",in_set,0.283934,0.282857,0.001077,0.38,2.5
"main_cat IN ('Home Audio & Theater', 'Computers', 'Sports & Outdoors')",in_set,0.284099,0.284764,0.000665,0.23,2.58
"main_cat IN ('All Electronics', 'Office Products')",in_set,0.284519,0.286362,0.001843,0.65,1.04
"main_cat IN ('All Electronics', 'Sports & Outdoors')",in_set,0.284684,0.288269,0.003585,1.26,1.17
"main_cat IN ('Home Audio & Theater', 'Computers', 'Books')",in_set,0.285354,0.286775,0.00142,0.5,2.71
"main_cat IN ('All Electronics', 'Books')",in_set,0.285939,0.290279,0.00434,1.52,1.21
"main_cat IN ('All Electronics', 'Cell Phones &amp; Accessories', 'Car Electronics')",in_set,0.292936,0.296103,0.003168,1.08,1.5
"main_cat IN ('All Electronics', 'Office Products', 'Car Electronics')",in_set,0.295121,0.297237,0.002117,0.72,1.5
"main_cat IN ('All Electronics', 'Sports & Outdoors', 'Car Electronics')",in_set,0.295286,0.299144,0.003859,1.31,1.58
"main_cat IN ('All Electronics', 'Office Products', 'Cell Phones &amp; Accessories')",in_set,0.295469,0.298062,0.002593,0.88,1.54
"main_cat IN ('All Electronics', 'Sports & Outdoors', 'Cell Phones &amp; Accessories')",in_set,0.295634,0.299969,0.004335,1.47,1.67
"main_cat IN ('All Electronics', 'Books', 'Car Electronics')",in_set,0.296541,0.301155,0.004614,1.56,1.67
"main_cat IN ('All Electronics', 'Books', 'Cell Phones &amp; Accessories')",in_set,0.296889,0.301979,0.005091,1.71,1.71
"main_cat IN ('All Electronics', 'Sports & Outdoors', 'Office Products')",in_set,0.297819,0.301103,0.003284,1.1,1.67
"overall IN (2,3,4)",in_set,0.298711,0.298217,0.000494,0.17,13.29
"main_cat IN ('All Electronics', 'Books', 'Office Products')",in_set,0.299074,0.303113,0.004039,1.35,1.71
"main_cat IN ('All Electronics', 'Books', 'Sports & Outdoors')",in_set,0.299239,0.30502,0.005781,1.93,1.83
"main_cat IN ('Home Audio & Theater', 'Computers', 'Musical Instruments')",in_set,0.305042,0.30636,0.001318,0.43,3.37
"main_cat IN ('All Electronics', 'Musical Instruments')",in_set,0.305627,0.309865,0.004238,1.39,1.88
"main_cat IN ('All Electronics', 'Computers')",in_set,0.310546,0.312494,0.001947,0.63,2.04
"main_cat IN ('Home Audio & Theater', 'Camera &amp; Photo')",in_set,0.313445,0.312803,0.000643,0.21,3.42
"main_cat IN ('All Electronics', 'Musical Instruments', 'Car Electronics')",in_set,0.316229,0.32074,0.004512,1.43,2.38
"main_cat IN ('All Electronics', 'Musical Instruments', 'Cell Phones &amp; Accessories')",in_set,0.316576,0.321565,0.004988,1.58,2.42
"main_cat IN ('All Electronics', 'Musical Instruments', 'Office Products')",in_set,0.318762,0.322699,0.003937,1.24,2.42
"main_cat IN ('All Electronics', 'Musical Instruments', 'Sports & Outdoors')",in_set,0.318927,0.324606,0.005679,1.78,2.5
"main_cat IN ('All Electronics', 'Musical Instruments', 'Books')",in_set,0.320182,0.326616,0.006434,2.01,2.58
"main_cat IN ('All Electronics', 'Computers', 'Car Electronics')",in_set,0.321148,0.323369,0.002221,0.69,2.42
"main_cat IN ('All Electronics', 'Computers', 'Cell Phones &amp; Accessories')",in_set,0.321496,0.324193,0.002698,0.84,2.42
"main_cat IN ('Camera & Photo', 'Home Audio &amp; Theater', 'Camera &amp; Photo')",in_set,0.322356,0.314607,0.00775,2.4,11.63
"main_cat IN ('All Electronics', 'Computers', 'Office Products')",in_set,0.323681,0.325327,0.001646,0.51,2.46
"main_cat IN ('All Electronics', 'Computers', 'Sports & Outdoors')",in_set,0.323846,0.327234,0.003388,1.05,2.54
"main_cat IN ('Home Audio & Theater', 'Camera &amp; Photo', 'Car Electronics')",in_set,0.324047,0.323678,0.000369,0.11,4.12
"main_cat IN ('Home Audio & Theater', 'Camera &amp; Photo', 'Cell Phones &amp; Accessories')",in_set,0.324395,0.324503,0.000108,0.03,4.13
"overall IN (1,2,4)",in_set,0.324686,0.328214,0.003528,1.09,14.0
"main_cat IN ('All Electronics', 'Computers', 'Books')",in_set,0.325101,0.329244,0.004144,1.27,2.71
"main_cat IN ('Home Audio & Theater', 'Camera &amp; Photo', 'Office Products')",in_set,0.32658,0.325637,0.000944,0.29,4.04
"main_cat IN ('Home Audio & Theater', 'Camera &amp; Photo', 'Sports & Outdoors')",in_set,0.326745,0.327544,0.000799,0.24,4.17
"main_cat IN ('Home Audio & Theater', 'Camera &amp; Photo', 'Books')",in_set,0.328,0.329554,0.001554,0.47,4.25
"main_cat IN ('Home Audio & Theater', 'Home Audio &amp; Theater')",in_set,0.34157,0.339913,0.001657,0.49,4.42
"main_cat IN ('All Electronics', 'Computers', 'Musical Instruments')",in_set,0.344789,0.34883,0.004041,1.17,3.33
"overall IN (1,3,4)",in_set,0.346541,0.347799,0.001258,0.36,15.13
"main_cat IN ('Home Audio & Theater', 'Camera &amp; Photo', 'Musical Instruments')",in_set,0.347688,0.349139,0.001452,0.42,4.96
"main_cat IN ('Home Audio & Theater', 'Home Audio &amp; Theater', 'Car Electronics')",in_set,0.352172,0.350789,0.001383,0.39,5.0
"main_cat IN ('Home Audio & Theater', 'Home Audio &amp; Theater', 'Cell Phones &amp; Accessories')",in_set,0.352519,0.351613,0.000906,0.26,5.0
"main_cat IN ('Home Audio & Theater', 'Camera &amp; Photo', 'Computers')",in_set,0.352607,0.351768,0.000839,0.24,5.0
"main_cat IN ('All Electronics', 'Camera &amp; Photo')",in_set,0.353192,0.355273,0.002081,0.59,3.46
"main_cat IN ('Home Audio & Theater', 'Home Audio &amp; Theater', 'Office Products')",in_set,0.354705,0.352747,0.001958,0.55,5.04
"main_cat IN ('Home Audio & Theater', 'Home Audio &amp; Theater', 'Sports & Outdoors')",in_set,0.35487,0.354654,0.000215,0.06,5.08
"main_cat IN ('Home Audio & Theater', 'Home Audio &amp; Theater', 'Books')",in_set,0.356125,0.356664,0.00054,0.15,5.21
"main_cat IN ('Home Audio & Theater', 'Camera & Photo')",in_set,0.362255,0.355066,0.007189,1.98,4.96
"main_cat IN ('All Electronics', 'Camera &amp; Photo', 'Car Electronics')",in_set,0.363794,0.366148,0.002354,0.65,3.96
"main_cat IN ('All Electronics', 'Camera &amp; Photo', 'Cell Phones &amp; Accessories')",in_set,0.364141,0.366972,0.002831,0.78,3.92
"main_cat IN ('All Electronics', 'Camera &amp; Photo', 'Office Products')",in_set,0.366327,0.368106,0.00178,0.49,4.0
"main_cat IN ('All Electronics', 'Camera &amp; Photo', 'Sports & Outdoors')",in_set,0.366492,0.370013,0.003522,0.96,4.04
"main_cat IN ('All Electronics', 'Camera &amp; Photo', 'Books')",in_set,0.367747,0.372024,0.004277,1.16,4.13
"main_cat IN ('Home Audio & Theater', 'Camera & Photo', 'Car Electronics')",in_set,0.372857,0.365942,0.006915,1.85,5.58
"main_cat IN ('Home Audio & Theater', 'Camera & Photo', 'Cell Phones &amp; Accessories')",in_set,0.373205,0.366766,0.006438,1.73,5.58
"main_cat IN ('Home Audio & Theater', 'Camera & Photo', 'Office Products')",in_set,0.37539,0.3679,0.00749,2.0,5.71
"main_cat IN ('Home Audio & Theater', 'Camera & Photo', 'Sports & Outdoors')",in_set,0.375555,0.369807,0.005747,1.53,5.67
"main_cat IN ('Home Audio & Theater', 'Home Audio &amp; Theater', 'Musical Instruments')",in_set,0.375812,0.37625,0.000437,0.12,5.92
"main_cat IN ('Home Audio & Theater', 'Camera & Photo', 'Books')",in_set,0.37681,0.371817,0.004992,1.32,5.75
"main_cat IN ('Home Audio & Theater', 'Home Audio &amp; Theater', 'Computers')",in_set,0.380732,0.378878,0.001853,0.49,6.04
"main_cat IN ('All Electronics', 'Home Audio &amp; Theater')",in_set,0.381317,0.382383,0.001067,0.28,4.37
"main_cat IN ('All Electronics', 'Camera &amp; Photo', 'Musical Instruments')",in_set,0.387434,0.391609,0.004175,1.08,4.83
"main_cat IN ('All Electronics', 'Home Audio &amp; Theater', 'Car Electronics')",in_set,0.391918,0.393258,0.00134,0.34,4.83
"main_cat IN ('All Electronics', 'Home Audio &amp; Theater', 'Cell Phones &amp; Accessories')",in_set,0.392266,0.394083,0.001817,0.46,4.92
"main_cat IN ('All Electronics', 'Camera &amp; Photo', 'Computers')",in_set,0.392354,0.394238,0.001884,0.48,4.83
"main_cat IN ('All Electronics', 'Home Audio &amp; Theater', 'Office Products')",in_set,0.394451,0.395217,0.000766,0.19,4.83
"main_cat IN ('All Electronics', 'Home Audio &amp; Theater', 'Sports & Outdoors')",in_set,0.394616,0.397124,0.002508,0.64,4.96
"main_cat IN ('All Electronics', 'Home Audio &amp; Theater', 'Books')",in_set,0.395871,0.399134,0.003263,0.82,5.0
"main_cat IN ('Home Audio & Theater', 'Camera & Photo', 'Musical Instruments')",in_set,0.396497,0.391403,0.005094,1.28,6.5
overall<=4.0,range,0.39708,0.399186,0.002106,0.53,13.92
"overall IN (1,2,3,4)",in_set,0.39708,0.399186,0.002106,0.53,17.58
"main_cat IN ('Home Audio & Theater', 'Camera & Photo', 'Computers')",in_set,0.401417,0.394032,0.007385,1.84,6.71
"main_cat IN ('All Electronics', 'Camera & Photo')",in_set,0.402002,0.397536,0.004465,1.11,5.08
"main_cat IN ('All Electronics', 'Camera & Photo', 'Car Electronics')",in_set,0.412603,0.408412,0.004192,1.02,5.33
"main_cat IN ('All Electronics', 'Camera & Photo', 'Cell Phones &amp; Accessories')",in_set,0.412951,0.409236,0.003715,0.9,5.38
"main_cat IN ('All Electronics', 'Camera & Photo', 'Office Products')",in_set,0.415136,0.41037,0.004766,1.15,5.37
"main_cat IN ('All Electronics', 'Camera & Photo', 'Sports & Outdoors')",in_set,0.415301,0.412277,0.003024,0.73,5.54
"main_cat IN ('All Electronics', 'Home Audio &amp; Theater', 'Musical Instruments')",in_set,0.415559,0.41872,0.003161,0.76,5.79
"main_cat IN ('All Electronics', 'Camera & Photo', 'Books')",in_set,0.416556,0.414287,0.002269,0.54,5.62
"main_cat IN ('All Electronics', 'Home Audio &amp; Theater', 'Computers')",in_set,0.420478,0.421348,0.00087,0.21,5.71
"main_cat IN ('Home Audio & Theater', 'Home Audio &amp; Theater', 'Camera &amp; Photo')",in_set,0.423377,0.421658,0.00172,0.41,7.5
"main_cat IN ('All Electronics', 'Camera & Photo', 'Musical Instruments')",in_set,0.436244,0.433873,0.002371,0.54,6.25
"main_cat IN ('All Electronics', 'Camera & Photo', 'Computers')",in_set,0.441163,0.436501,0.004662,1.06,6.33
"main_cat IN ('Home Audio & Theater', 'Camera & Photo', 'Camera &amp; Photo')",in_set,0.444062,0.436811,0.007252,1.63,8.46
"main_cat IN ('All Electronics', 'Home Audio &amp; Theater', 'Camera &amp; Photo')",in_set,0.463124,0.464127,0.001003,0.22,7.29
"main_cat IN ('Home Audio & Theater', 'Camera & Photo', 'Home Audio &amp; Theater')",in_set,0.472187,0.463921,0.008266,1.75,8.75
verified=true AND overall>=5.0,compound,0.480825,0.475209,0.005616,1.17,1.54
"main_cat IN ('All Electronics', 'Camera & Photo', 'Camera &amp; Photo')",in_set,0.483809,0.47928,0.004529,0.94,7.79
"main_cat IN ('All Electronics', 'Home Audio & Theater')",in_set,0.503023,0.504587,0.001564,0.31,0.79
"main_cat IN ('All Electronics', 'Camera & Photo', 'Home Audio &amp; Theater')",in_set,0.511934,0.506391,0.005543,1.08,8.71
"main_cat IN ('All Electronics', 'Home Audio & Theater', 'Car Electronics')",in_set,0.513624,0.515462,0.001838,0.36,1.25
"main_cat IN ('All Electronics', 'Home Audio & Theater', 'Cell Phones &amp; Accessories')",in_set,0.513972,0.516287,0.002315,0.45,1.25
"main_cat IN ('All Electronics', 'Home Audio & Theater', 'Office Products')",in_set,0.516157,0.517421,0.001264,0.24,1.25
"main_cat IN ('All Electronics', 'Home Audio & Theater', 'Sports & Outdoors')",in_set,0.516322,0.519328,0.003006,0.58,1.38
"main_cat IN ('All Electronics', 'Home Audio & Theater', 'Books')",in_set,0.517577,0.521338,0.003761,0.73,1.42
"main_cat IN ('All Electronics', 'Home Audio & Theater', 'Musical Instruments')",in_set,0.537265,0.540924,0.003659,0.68,2.08
"main_cat IN ('All Electronics', 'Home Audio & Theater', 'Computers')",in_set,0.542184,0.543552,0.001368,0.25,2.17
"main_cat IN ('All Electronics', 'Home Audio & Theater', 'Camera &amp; Photo')",in_set,0.58483,0.586331,0.001501,0.26,3.58
overall>=5.0,range,0.60292,0.600814,0.002106,0.35,0.83
verified=true AND overall>=4.0,compound,0.608342,0.60468,0.003662,0.6,7.54
"main_cat IN ('All Electronics', 'Home Audio & Theater', 'Home Audio &amp; Theater')",in_set,0.612955,0.613442,0.000487,0.08,4.62
"main_cat IN ('All Electronics', 'Home Audio & Theater', 'Camera & Photo')",in_set,0.63364,0.628595,0.005045,0.8,5.25
"overall IN (2,5)",in_set,0.653459,0.652201,0.001258,0.19,2.21
verified=true AND overall>=3.0,compound,0.661342,0.656736,0.004605,0.7,9.83
"overall IN (3,5)",in_set,0.675314,0.671786,0.003528,0.52,3.0
verified=true AND overall>=2.0,compound,0.695334,0.690599,0.004735,0.68,10.96
"overall IN (1,5)",in_set,0.701289,0.701783,0.000494,0.07,4.13
"overall IN (2,3,5)",in_set,0.725853,0.723173,0.00268,0.37,7.33
"overall IN (1,2,5)",in_set,0.751828,0.75317,0.001341,0.18,8.13
verified=true AND overall<=5.0,compound,0.758361,0.756314,0.002047,0.27,14.38
verified=true,single,0.758361,0.756314,0.002047,0.27,0.29
"overall IN (1,3,5)",in_set,0.773683,0.772755,0.000928,0.12,9.46
overall>=4.0,range,0.778698,0.776673,0.002026,0.26,7.08
"overall IN (4,5)",in_set,0.778698,0.776673,0.002026,0.26,7.08
"overall IN (1,2,3,5)",in_set,0.824222,0.824142,8e-05,0.01,11.04
"overall IN (2,4,5)",in_set,0.829237,0.828059,0.001178,0.14,8.67
overall>=3.0,range,0.851092,0.847645,0.003447,0.41,8.96
"overall IN (3,4,5)",in_set,0.851092,0.847645,0.003447,0.41,9.21
"overall IN (1,4,5)",in_set,0.877067,0.877641,0.000574,0.07,10.13
overall>=2.0,range,0.901631,0.899031,0.0026,0.29,10.29
"overall IN (2,3,4,5)",in_set,0.901631,0.899031,0.0026,0.29,12.92
"overall IN (1,2,4,5)",in_set,0.927606,0.929028,0.001422,0.15,14.29
"overall IN (1,3,4,5)",in_set,0.949461,0.948614,0.000848,0.09,15.54
overall<=5.0,range,1.0,1.0,0.0,0.0,13.5
